{
  "mean": -0.02189488522708416,
  "std": 0.5049195289611816
}