{
  "final_return_%": 199.4828643798828,
  "CAGR_%": 52.66262435913086,
  "Sharpe": 1.5006990131961824,
  "MaxDD_%": -35.38336944580078,
  "total_trades": 5,
  "bh_final_return_%": 173.88021850585938,
  "bh_CAGR_%": 47.49031066894531,
  "bh_Sharpe": 1.3018914511413266,
  "bh_MaxDD_%": -38.51590347290039
}