{
  "final_return_%": 92.8584569385257,
  "CAGR_%": 28.829162147450504,
  "Sharpe": 1.2942269310968293,
  "MaxDD_%": -22.53220931055899,
  "bh_final_return_%": 173.88029098510742,
  "bh_CAGR_%": 47.4903284932392,
  "bh_Sharpe": 1.3018920685167081,
  "bh_MaxDD_%": -38.51591348648071
}