{
  "final_return_%": 0.0,
  "CAGR_%": 0.0,
  "Sharpe": 0.0,
  "MaxDD_%": 0.0,
  "bh_final_return_%": 164.64695930480957,
  "bh_CAGR_%": 45.61007490646914,
  "bh_Sharpe": 1.2660356223990827,
  "bh_MaxDD_%": -38.51591944694519
}