{
  "final_return_%": 183.14242553710938,
  "CAGR_%": 49.39447784423828,
  "Sharpe": 1.3802437252395339,
  "MaxDD_%": -36.88055419921875,
  "total_trades": 50,
  "bh_final_return_%": 173.88014221191406,
  "bh_CAGR_%": 47.490299224853516,
  "bh_Sharpe": 1.3018915574960508,
  "bh_MaxDD_%": -38.515907287597656
}