{
  "final_return_%": 102.12919994655287,
  "CAGR_%": 31.18330786256611,
  "Sharpe": 1.556890438442676,
  "MaxDD_%": -25.401614615862716,
  "bh_final_return_%": 173.88029098510742,
  "bh_CAGR_%": 47.4903284932392,
  "bh_Sharpe": 1.3018912064393409,
  "bh_MaxDD_%": -38.51592242717743
}