{
  "final_return_%": 0.0,
  "CAGR_%": 0.0,
  "Sharpe": 0.0,
  "MaxDD_%": 0.0,
  "bh_final_return_%": 173.88034057617188,
  "bh_CAGR_%": 47.4903450012207,
  "bh_Sharpe": 1.3018918769917283,
  "bh_MaxDD_%": -38.51588821411133
}