{
  "final_return_%": -20.253408432006836,
  "CAGR_%": -8.358711242675781,
  "Sharpe": -0.8105620291175776,
  "MaxDD_%": -28.009244918823242,
  "bh_final_return_%": 173.88026428222656,
  "bh_CAGR_%": 47.49032211303711,
  "bh_Sharpe": 1.3018920685167081,
  "bh_MaxDD_%": -38.515907287597656
}