{
  "final_return_%": 13.090851219696798,
  "CAGR_%": 4.859197726504694,
  "Sharpe": 0.30777979850144793,
  "MaxDD_%": -37.83143370667887,
  "bh_final_return_%": 173.88029098510742,
  "bh_CAGR_%": 47.4903284932392,
  "bh_Sharpe": 1.3018911532620756,
  "bh_MaxDD_%": -38.51591646671295
}