{
  "final_return_%": 201.4942169189453,
  "CAGR_%": 53.057254791259766,
  "Sharpe": 1.52926198297455,
  "MaxDD_%": -35.08686447143555,
  "total_trades": 6,
  "bh_final_return_%": 173.88018798828125,
  "bh_CAGR_%": 47.49031066894531,
  "bh_Sharpe": 1.3018914511413266,
  "bh_MaxDD_%": -38.51590347290039
}