{
  "final_return_%": 419.9370974674475,
  "CAGR_%": 26.798918329029785,
  "Sharpe": 0.949137892148406,
  "MaxDD_%": -36.29037682812463,
  "bh_final_return_%": 511.8792533874512,
  "bh_CAGR_%": 29.80766505179333,
  "bh_Sharpe": 1.0064954433932836,
  "bh_MaxDD_%": -38.51589858531952
}