{
  "final_return_%": 112.08325572757359,
  "CAGR_%": 33.6382523912377,
  "Sharpe": 1.5203361128721753,
  "MaxDD_%": -26.44848439140216,
  "bh_final_return_%": 173.88019561767578,
  "bh_CAGR_%": 47.49030868512456,
  "bh_Sharpe": 1.3018920365240612,
  "bh_MaxDD_%": -38.51591646671295
}