{
  "final_return_%": 0.0,
  "CAGR_%": 0.0,
  "Sharpe": 0.0,
  "MaxDD_%": 0.0,
  "bh_final_return_%": 173.8802947998047,
  "bh_CAGR_%": 47.490333557128906,
  "bh_Sharpe": 1.3018921536868178,
  "bh_MaxDD_%": -38.51588821411133
}