{
  "final_return_%": 104.1775915761984,
  "CAGR_%": 31.694467035255247,
  "Sharpe": 0.8561837250080254,
  "MaxDD_%": -42.62818932089576,
  "bh_final_return_%": 173.8802671432495,
  "bh_CAGR_%": 47.49032354121094,
  "bh_Sharpe": 1.3018915417154482,
  "bh_MaxDD_%": -38.51591348648071
}