{
  "final_return_%": 279.45348180052594,
  "CAGR_%": 21.17524397693755,
  "Sharpe": 0.906064327924496,
  "MaxDD_%": -28.510474453415302,
  "bh_final_return_%": 511.87901496887207,
  "bh_CAGR_%": 29.807657767024853,
  "bh_Sharpe": 1.0064949586925662,
  "bh_MaxDD_%": -38.51590156555176
}