{
  "final_return_%": -52.18871307373047,
  "CAGR_%": -24.302936553955078,
  "Sharpe": -0.4930500040576507,
  "MaxDD_%": -54.586307525634766,
  "total_trades": 76,
  "bh_final_return_%": -66.85752868652344,
  "bh_CAGR_%": -34.078128814697266,
  "bh_Sharpe": -0.4501197861337538,
  "bh_MaxDD_%": -74.11991119384766
}