{
  "final_return_%": -64.54002380371094,
  "CAGR_%": -32.375301361083984,
  "Sharpe": -0.5409958185315971,
  "MaxDD_%": -67.40509796142578,
  "total_trades": 13,
  "bh_final_return_%": -66.85752868652344,
  "bh_CAGR_%": -34.078128814697266,
  "bh_Sharpe": -0.4501197861337538,
  "bh_MaxDD_%": -74.11991119384766
}