{
  "final_return_%": -67.01032257080078,
  "CAGR_%": -34.19296646118164,
  "Sharpe": -0.47349502056157167,
  "MaxDD_%": -73.2514877319336,
  "total_trades": 7,
  "bh_final_return_%": -66.85752868652344,
  "bh_CAGR_%": -34.078128814697266,
  "bh_Sharpe": -0.4501197861337538,
  "bh_MaxDD_%": -74.11991119384766
}