{
  "final_return_%": -46.29660415649414,
  "CAGR_%": -20.909727096557617,
  "Sharpe": -0.3605672569661219,
  "MaxDD_%": -58.225460052490234,
  "total_trades": 25,
  "bh_final_return_%": -66.85752868652344,
  "bh_CAGR_%": -34.078128814697266,
  "bh_Sharpe": -0.4501197861337538,
  "bh_MaxDD_%": -74.11991119384766
}