{
  "final_return_%": 6.173336505889893,
  "CAGR_%": 2.140641212463379,
  "Sharpe": 4.74821842230214,
  "MaxDD_%": -94.35521697998047,
  "total_trades": 1,
  "bh_final_return_%": 2.840900421142578,
  "bh_CAGR_%": 0.9954094886779785,
  "bh_Sharpe": 4.825786896238835,
  "bh_MaxDD_%": -94.36065673828125
}