{
  "final_return_%": 9.118520736694336,
  "CAGR_%": 3.1336069107055664,
  "Sharpe": 4.289052698522503,
  "MaxDD_%": -94.09061431884766,
  "total_trades": 33,
  "bh_final_return_%": 2.840900421142578,
  "bh_CAGR_%": 0.9954094886779785,
  "bh_Sharpe": 4.825786896238835,
  "bh_MaxDD_%": -94.36065673828125
}