{
  "final_return_%": 185.48304748535156,
  "CAGR_%": 35.835777282714844,
  "Sharpe": 1.0924534571951736,
  "MaxDD_%": -46.52314376831055,
  "total_trades": 1,
  "bh_final_return_%": 197.37649536132812,
  "bh_CAGR_%": 37.46421432495117,
  "bh_Sharpe": 1.121540330312544,
  "bh_MaxDD_%": -46.545467376708984
}