{
  "final_return_%": 160.6120147705078,
  "CAGR_%": 32.26850128173828,
  "Sharpe": 1.305506381138926,
  "MaxDD_%": -26.398521423339844,
  "total_trades": 41,
  "bh_final_return_%": 197.37649536132812,
  "bh_CAGR_%": 37.46421432495117,
  "bh_Sharpe": 1.121540330312544,
  "bh_MaxDD_%": -46.545467376708984
}