{
  "final_return_%": 209.2220001220703,
  "CAGR_%": 39.04087448120117,
  "Sharpe": 1.2582043662538964,
  "MaxDD_%": -34.898963928222656,
  "total_trades": 25,
  "bh_final_return_%": 197.37649536132812,
  "bh_CAGR_%": 37.46421432495117,
  "bh_Sharpe": 1.121540330312544,
  "bh_MaxDD_%": -46.545467376708984
}