{
  "final_return_%": 203.9075927734375,
  "CAGR_%": 38.338897705078125,
  "Sharpe": 1.305770503858038,
  "MaxDD_%": -38.50702667236328,
  "total_trades": 44,
  "bh_final_return_%": 197.37649536132812,
  "bh_CAGR_%": 37.46421432495117,
  "bh_Sharpe": 1.121540330312544,
  "bh_MaxDD_%": -46.545467376708984
}