{
  "final_return_%": 22.166656494140625,
  "CAGR_%": 14.735614776611328,
  "Sharpe": 0.5874424557577885,
  "MaxDD_%": -27.846750259399414,
  "total_trades": 5,
  "bh_final_return_%": 23.561359405517578,
  "bh_CAGR_%": 15.633320808410645,
  "bh_Sharpe": 0.5934196690682217,
  "bh_MaxDD_%": -32.05568313598633
}