{
  "final_return_%": 21.967077255249023,
  "CAGR_%": 14.606893539428711,
  "Sharpe": 0.5700397229287829,
  "MaxDD_%": -32.02713394165039,
  "total_trades": 1,
  "bh_final_return_%": 23.561359405517578,
  "bh_CAGR_%": 15.633320808410645,
  "bh_Sharpe": 0.5934196690682217,
  "bh_MaxDD_%": -32.05568313598633
}