{
  "final_return_%": 23.03413200378418,
  "CAGR_%": 15.294337272644043,
  "Sharpe": 0.6093684387303199,
  "MaxDD_%": -26.70671272277832,
  "total_trades": 5,
  "bh_final_return_%": 23.561359405517578,
  "bh_CAGR_%": 15.633320808410645,
  "bh_Sharpe": 0.5934196690682217,
  "bh_MaxDD_%": -32.05568313598633
}