{
  "final_return_%": 25.9117488861084,
  "CAGR_%": 5.539238452911377,
  "Sharpe": 0.35771082762815676,
  "MaxDD_%": -36.95393371582031,
  "total_trades": 27,
  "bh_final_return_%": 22.78536605834961,
  "bh_CAGR_%": 4.92016077041626,
  "bh_Sharpe": 0.32983995797352333,
  "bh_MaxDD_%": -36.987510681152344
}