{
  "final_return_%": 24.164581298828125,
  "CAGR_%": 5.194735527038574,
  "Sharpe": 0.34453042903897324,
  "MaxDD_%": -36.660247802734375,
  "total_trades": 17,
  "bh_final_return_%": 22.78536605834961,
  "bh_CAGR_%": 4.92016077041626,
  "bh_Sharpe": 0.32983995797352333,
  "bh_MaxDD_%": -36.987510681152344
}