{
  "final_return_%": 53.146934509277344,
  "CAGR_%": 10.487329483032227,
  "Sharpe": 0.7670705998373699,
  "MaxDD_%": -12.953333854675293,
  "total_trades": 47,
  "bh_final_return_%": 22.78536605834961,
  "bh_CAGR_%": 4.92016077041626,
  "bh_Sharpe": 0.32983995797352333,
  "bh_MaxDD_%": -36.987510681152344
}