{
  "final_return_%": 29.04229164123535,
  "CAGR_%": 6.147456169128418,
  "Sharpe": 0.38850006374882223,
  "MaxDD_%": -36.92460632324219,
  "total_trades": 31,
  "bh_final_return_%": 22.78536605834961,
  "bh_CAGR_%": 4.92016077041626,
  "bh_Sharpe": 0.32983995797352333,
  "bh_MaxDD_%": -36.987510681152344
}