{
  "final_return_%": 53.665958404541016,
  "CAGR_%": 10.639309883117676,
  "Sharpe": 0.5578629787446228,
  "MaxDD_%": -24.082759857177734,
  "total_trades": 37,
  "bh_final_return_%": 39.91987609863281,
  "bh_CAGR_%": 8.22596549987793,
  "bh_Sharpe": 0.4517707178275058,
  "bh_MaxDD_%": -27.261507034301758
}