{
  "final_return_%": 5.0077080726623535,
  "CAGR_%": 1.156604290008545,
  "Sharpe": 0.1609416827597567,
  "MaxDD_%": -33.70945358276367,
  "total_trades": 197,
  "bh_final_return_%": 39.91987609863281,
  "bh_CAGR_%": 8.22596549987793,
  "bh_Sharpe": 0.4517707178275058,
  "bh_MaxDD_%": -27.261507034301758
}