{
  "final_return_%": 55.35615539550781,
  "CAGR_%": 10.924506187438965,
  "Sharpe": 0.5672744209031444,
  "MaxDD_%": -23.88358497619629,
  "total_trades": 51,
  "bh_final_return_%": 39.91987609863281,
  "bh_CAGR_%": 8.22596549987793,
  "bh_Sharpe": 0.4517707178275058,
  "bh_MaxDD_%": -27.261507034301758
}