{
  "final_return_%": 31.360769271850586,
  "CAGR_%": 6.630122661590576,
  "Sharpe": 0.4041627570530476,
  "MaxDD_%": -26.73884391784668,
  "total_trades": 123,
  "bh_final_return_%": 39.91987609863281,
  "bh_CAGR_%": 8.22596549987793,
  "bh_Sharpe": 0.4517707178275058,
  "bh_MaxDD_%": -27.261507034301758
}