{
  "final_return_%": 163.94338989257812,
  "CAGR_%": 26.699506759643555,
  "Sharpe": 0.8564949231726401,
  "MaxDD_%": -51.32124328613281,
  "total_trades": 39,
  "bh_final_return_%": 95.4928970336914,
  "bh_CAGR_%": 17.756546020507812,
  "bh_Sharpe": 0.624842105401868,
  "bh_MaxDD_%": -51.325828552246094
}