{
  "final_return_%": 80.319091796875,
  "CAGR_%": 15.459430694580078,
  "Sharpe": 0.6109578543824141,
  "MaxDD_%": -47.070335388183594,
  "total_trades": 132,
  "bh_final_return_%": 95.4928970336914,
  "bh_CAGR_%": 17.756546020507812,
  "bh_Sharpe": 0.624842105401868,
  "bh_MaxDD_%": -51.325828552246094
}