{
  "final_return_%": 108.45806884765625,
  "CAGR_%": 19.614755630493164,
  "Sharpe": 0.6901424269796161,
  "MaxDD_%": -51.28226852416992,
  "total_trades": 18,
  "bh_final_return_%": 95.4928970336914,
  "bh_CAGR_%": 17.756546020507812,
  "bh_Sharpe": 0.624842105401868,
  "bh_MaxDD_%": -51.325828552246094
}