{
  "final_return_%": 112.7300033569336,
  "CAGR_%": 20.20785903930664,
  "Sharpe": 0.6828944132894321,
  "MaxDD_%": -49.01103973388672,
  "total_trades": 5,
  "bh_final_return_%": 95.4928970336914,
  "bh_CAGR_%": 17.756546020507812,
  "bh_Sharpe": 0.624842105401868,
  "bh_MaxDD_%": -51.325828552246094
}