{
  "final_return_%": 688.5559692382812,
  "CAGR_%": 73.21214294433594,
  "Sharpe": 1.3291742163467692,
  "MaxDD_%": -66.17888641357422,
  "total_trades": 1,
  "bh_final_return_%": 637.6282348632812,
  "bh_CAGR_%": 70.16294860839844,
  "bh_Sharpe": 1.2394174200514225,
  "bh_MaxDD_%": -66.33509063720703
}