{
  "final_return_%": 667.56689453125,
  "CAGR_%": 71.97350311279297,
  "Sharpe": 1.3142071195696876,
  "MaxDD_%": -65.50640106201172,
  "total_trades": 121,
  "bh_final_return_%": 637.6282348632812,
  "bh_CAGR_%": 70.16294860839844,
  "bh_Sharpe": 1.2394174200514225,
  "bh_MaxDD_%": -66.33509063720703
}