{
  "final_return_%": 696.870361328125,
  "CAGR_%": 73.69612121582031,
  "Sharpe": 1.33323229085595,
  "MaxDD_%": -65.18251037597656,
  "total_trades": 5,
  "bh_final_return_%": 637.6282348632812,
  "bh_CAGR_%": 70.16294860839844,
  "bh_Sharpe": 1.2394174200514225,
  "bh_MaxDD_%": -66.33509063720703
}