{
  "final_return_%": 714.7318115234375,
  "CAGR_%": 74.72341918945312,
  "Sharpe": 1.397592090669229,
  "MaxDD_%": -63.14030456542969,
  "total_trades": 9,
  "bh_final_return_%": 637.6282348632812,
  "bh_CAGR_%": 70.16294860839844,
  "bh_Sharpe": 1.2394174200514225,
  "bh_MaxDD_%": -66.33509063720703
}