{
  "final_return_%": 131.0254364013672,
  "CAGR_%": 25.012611389160156,
  "Sharpe": 1.0125248535392732,
  "MaxDD_%": -35.10409927368164,
  "total_trades": 11,
  "bh_final_return_%": 93.6620864868164,
  "bh_CAGR_%": 19.2690486907959,
  "bh_Sharpe": 0.7763057417820997,
  "bh_MaxDD_%": -35.11873245239258
}