{
  "final_return_%": 143.22862243652344,
  "CAGR_%": 26.740026473999023,
  "Sharpe": 1.0631593548376264,
  "MaxDD_%": -35.10409927368164,
  "total_trades": 1,
  "bh_final_return_%": 93.6620864868164,
  "bh_CAGR_%": 19.2690486907959,
  "bh_Sharpe": 0.7763057417820997,
  "bh_MaxDD_%": -35.11873245239258
}