{
  "final_return_%": 19.084035873413086,
  "CAGR_%": 4.766631126403809,
  "Sharpe": 0.6834798359026493,
  "MaxDD_%": -6.6469645500183105,
  "total_trades": 24,
  "bh_final_return_%": 93.6620864868164,
  "bh_CAGR_%": 19.2690486907959,
  "bh_Sharpe": 0.7763057417820997,
  "bh_MaxDD_%": -35.11873245239258
}