{
  "final_return_%": 24.626731872558594,
  "CAGR_%": 6.045079231262207,
  "Sharpe": 0.9198862076996754,
  "MaxDD_%": -8.30772590637207,
  "total_trades": 96,
  "bh_final_return_%": 93.6620864868164,
  "bh_CAGR_%": 19.2690486907959,
  "bh_Sharpe": 0.7763057417820997,
  "bh_MaxDD_%": -35.11873245239258
}