{
  "final_return_%": 5.17960786819458,
  "CAGR_%": 2.3442506790161133,
  "Sharpe": 0.21684038132598796,
  "MaxDD_%": -31.11615753173828,
  "total_trades": 5,
  "bh_final_return_%": -6.423920631408691,
  "bh_CAGR_%": -3.0006587505340576,
  "bh_Sharpe": 0.02347135803673519,
  "bh_MaxDD_%": -32.008018493652344
}