{
  "final_return_%": 3.0048012733459473,
  "CAGR_%": 1.3677358627319336,
  "Sharpe": 0.17921955788230598,
  "MaxDD_%": -29.259761810302734,
  "total_trades": 17,
  "bh_final_return_%": -6.423920631408691,
  "bh_CAGR_%": -3.0006587505340576,
  "bh_Sharpe": 0.02347135803673519,
  "bh_MaxDD_%": -32.008018493652344
}