{
  "final_return_%": -4.973316192626953,
  "CAGR_%": -2.3135602474212646,
  "Sharpe": 0.04340828794205284,
  "MaxDD_%": -31.260517120361328,
  "total_trades": 3,
  "bh_final_return_%": -6.423920631408691,
  "bh_CAGR_%": -3.0006587505340576,
  "bh_Sharpe": 0.02347135803673519,
  "bh_MaxDD_%": -32.008018493652344
}