{
  "final_return_%": 1.3185381889343262,
  "CAGR_%": 0.602877140045166,
  "Sharpe": 0.14038556649204972,
  "MaxDD_%": -30.232906341552734,
  "total_trades": 47,
  "bh_final_return_%": -6.423920631408691,
  "bh_CAGR_%": -3.0006587505340576,
  "bh_Sharpe": 0.02347135803673519,
  "bh_MaxDD_%": -32.008018493652344
}