{
  "final_return_%": 75.22093963623047,
  "CAGR_%": 17.254520416259766,
  "Sharpe": 0.6786750239028595,
  "MaxDD_%": -34.82993698120117,
  "total_trades": 5,
  "bh_final_return_%": 90.89045715332031,
  "bh_CAGR_%": 20.139671325683594,
  "bh_Sharpe": 0.6984164510828402,
  "bh_MaxDD_%": -37.09705352783203
}