{
  "final_return_%": 81.67940521240234,
  "CAGR_%": 18.4652099609375,
  "Sharpe": 0.746554540965271,
  "MaxDD_%": -33.76109313964844,
  "total_trades": 9,
  "bh_final_return_%": 90.89045715332031,
  "bh_CAGR_%": 20.139671325683594,
  "bh_Sharpe": 0.6984164510828402,
  "bh_MaxDD_%": -37.09705352783203
}