{
  "final_return_%": 84.50021362304688,
  "CAGR_%": 18.984329223632812,
  "Sharpe": 0.7367640653631382,
  "MaxDD_%": -30.354564666748047,
  "total_trades": 9,
  "bh_final_return_%": 90.89045715332031,
  "bh_CAGR_%": 20.139671325683594,
  "bh_Sharpe": 0.6984164510828402,
  "bh_MaxDD_%": -37.09705352783203
}