{
  "final_return_%": 69.83271789550781,
  "CAGR_%": 16.219758987426758,
  "Sharpe": 0.643530942806454,
  "MaxDD_%": -36.432315826416016,
  "total_trades": 25,
  "bh_final_return_%": 90.89045715332031,
  "bh_CAGR_%": 20.139671325683594,
  "bh_Sharpe": 0.6984164510828402,
  "bh_MaxDD_%": -37.09705352783203
}